Fips,Location,Coverage Type,Year,TimeFrame,Data Type,Data,MOE
1,Alabama,Medicaid,2018,2018-2019,Percent,0.70534,6.99E-02
2,Alaska,Medicaid,2018,2018-2019,Percent,0.57398,8.28E-02
4,Arizona,Medicaid,2018,2018-2019,Percent,0.69017,7.66E-02
5,Arkansas,Medicaid,2018,2018-2019,Percent,0.71553,6.94E-02
6,California,Medicaid,2018,2018-2019,Percent,0.63815,0.106146418
8,Colorado,Medicaid,2018,2018-2019,Percent,0.71686,9.64E-02
9,Connecticut,Medicaid,2018,2018-2019,Percent,0.8639,7.93E-02
10,Delaware,Medicaid,2018,2018-2019,Percent,0.72385,7.14E-02
11,Dist. of Columbia,Medicaid,2018,2018-2019,Percent,0.62503,8.53E-02
12,Florida,Medicaid,2018,2018-2019,Percent,0.70891,7.07E-02
13,Georgia,Medicaid,2018,2018-2019,Percent,0.70836,8.10E-02
15,Hawaii,Medicaid,2018,2018-2019,Percent,0.62284,9.50E-02
16,Idaho,Medicaid,2018,2018-2019,Percent,0.67875,8.97E-02
17,Illinois,Medicaid,2018,2018-2019,Percent,0.71639,5.85E-02
18,Indiana,Medicaid,2018,2018-2019,Percent,0.6117,7.50E-02
19,Iowa,Medicaid,2018,2018-2019,Percent,0.61824,9.63E-02
20,Kansas,Medicaid,2018,2018-2019,Percent,0.72751,9.50E-02
21,Kentucky,Medicaid,2018,2018-2019,Percent,0.76398,9.34E-02
22,Louisiana,Medicaid,2018,2018-2019,Percent,0.68921,7.80E-02
23,Maine,Medicaid,2018,2018-2019,Percent,0.72123,7.88E-02
24,Maryland,Medicaid,2018,2018-2019,Percent,0.67487,7.70E-02
25,Massachusetts,Medicaid,2018,2018-2019,Percent,0.76645,9.55E-02
26,Michigan,Medicaid,2018,2018-2019,Percent,0.7043,7.70E-02
27,Minnesota,Medicaid,2018,2018-2019,Percent,0.69236,0.11772041
28,Mississippi,Medicaid,2018,2018-2019,Percent,0.70466,6.68E-02
29,Missouri,Medicaid,2018,2018-2019,Percent,0.60365,8.49E-02
30,Montana,Medicaid,2018,2018-2019,Percent,0.63126,7.52E-02
31,Nebraska,Medicaid,2018,2018-2019,Percent,0.76802,7.96E-02
32,Nevada,Medicaid,2018,2018-2019,Percent,0.62717,7.46E-02
33,New Hampshire,Medicaid,2018,2018-2019,Percent,0.77285,8.75E-02
34,New Jersey,Medicaid,2018,2018-2019,Percent,0.63255,9.18E-02
35,New Mexico,Medicaid,2018,2018-2019,Percent,0.70234,5.49E-02
36,New York,Medicaid,2018,2018-2019,Percent,0.67843,6.75E-02
37,North Carolina,Medicaid,2018,2018-2019,Percent,0.75722,6.44E-02
38,North Dakota,Medicaid,2018,2018-2019,Percent,0.67235,9.71E-02
39,Ohio,Medicaid,2018,2018-2019,Percent,0.65744,8.47E-02
40,Oklahoma,Medicaid,2018,2018-2019,Percent,0.69645,5.73E-02
41,Oregon,Medicaid,2018,2018-2019,Percent,0.60166,0.101104535
42,Pennsylvania,Medicaid,2018,2018-2019,Percent,0.72298,7.84E-02
44,Rhode Island,Medicaid,2018,2018-2019,Percent,0.71999,6.84E-02
45,South Carolina,Medicaid,2018,2018-2019,Percent,0.72397,6.85E-02
46,South Dakota,Medicaid,2018,2018-2019,Percent,0.63866,9.84E-02
47,Tennessee,Medicaid,2018,2018-2019,Percent,0.56659,0.102235124
48,Texas,Medicaid,2018,2018-2019,Percent,0.69298,3.73E-02
49,Utah,Medicaid,2018,2018-2019,Percent,0.81096,8.13E-02
50,Vermont,Medicaid,2018,2018-2019,Percent,0.77212,6.43E-02
51,Virginia,Medicaid,2018,2018-2019,Percent,0.64905,0.133911461
53,Washington,Medicaid,2018,2018-2019,Percent,0.6151,8.91E-02
54,West Virginia,Medicaid,2018,2018-2019,Percent,0.70338,6.00E-02
55,Wisconsin,Medicaid,2018,2018-2019,Percent,0.72714,7.32E-02
56,Wyoming,Medicaid,2018,2018-2019,Percent,0.64745,9.48E-02
1,Alabama,Other,2018,2018-2019,Percent,0.83075,0.105070166
2,Alaska,Other,2018,2018-2019,Percent,0.73168,0.107767515
4,Arizona,Other,2018,2018-2019,Percent,0.70405,0.161102861
5,Arkansas,Other,2018,2018-2019,Percent,0.70071,0.114293285
6,California,Other,2018,2018-2019,Percent,0.74896,0.185407713
8,Colorado,Other,2018,2018-2019,Percent,0.68479,0.178911343
9,Connecticut,Other,2018,2018-2019,Percent,N/A,N/A
10,Delaware,Other,2018,2018-2019,Percent,N/A,N/A
11,Dist. of Columbia,Other,2018,2018-2019,Percent,N/A,N/A
12,Florida,Other,2018,2018-2019,Percent,0.77445,0.162024856
13,Georgia,Other,2018,2018-2019,Percent,0.66611,0.144938141
15,Hawaii,Other,2018,2018-2019,Percent,0.76007,0.121881373
16,Idaho,Other,2018,2018-2019,Percent,N/A,N/A
17,Illinois,Other,2018,2018-2019,Percent,N/A,N/A
18,Indiana,Other,2018,2018-2019,Percent,N/A,N/A
19,Iowa,Other,2018,2018-2019,Percent,N/A,N/A
20,Kansas,Other,2018,2018-2019,Percent,0.66649,0.121765174
21,Kentucky,Other,2018,2018-2019,Percent,N/A,N/A
22,Louisiana,Other,2018,2018-2019,Percent,N/A,N/A
23,Maine,Other,2018,2018-2019,Percent,N/A,N/A
24,Maryland,Other,2018,2018-2019,Percent,0.82502,0.105690718
25,Massachusetts,Other,2018,2018-2019,Percent,N/A,N/A
26,Michigan,Other,2018,2018-2019,Percent,N/A,N/A
27,Minnesota,Other,2018,2018-2019,Percent,N/A,N/A
28,Mississippi,Other,2018,2018-2019,Percent,N/A,N/A
29,Missouri,Other,2018,2018-2019,Percent,N/A,N/A
30,Montana,Other,2018,2018-2019,Percent,N/A,N/A
31,Nebraska,Other,2018,2018-2019,Percent,N/A,N/A
32,Nevada,Other,2018,2018-2019,Percent,N/A,N/A
33,New Hampshire,Other,2018,2018-2019,Percent,N/A,N/A
34,New Jersey,Other,2018,2018-2019,Percent,N/A,N/A
35,New Mexico,Other,2018,2018-2019,Percent,N/A,N/A
36,New York,Other,2018,2018-2019,Percent,0.59954,0.118514448
37,North Carolina,Other,2018,2018-2019,Percent,0.68535,0.145700857
38,North Dakota,Other,2018,2018-2019,Percent,N/A,N/A
39,Ohio,Other,2018,2018-2019,Percent,N/A,N/A
40,Oklahoma,Other,2018,2018-2019,Percent,0.82101,0.125096619
41,Oregon,Other,2018,2018-2019,Percent,N/A,N/A
42,Pennsylvania,Other,2018,2018-2019,Percent,0.71524,0.177411586
44,Rhode Island,Other,2018,2018-2019,Percent,N/A,N/A
45,South Carolina,Other,2018,2018-2019,Percent,N/A,N/A
46,South Dakota,Other,2018,2018-2019,Percent,N/A,N/A
47,Tennessee,Other,2018,2018-2019,Percent,N/A,N/A
48,Texas,Other,2018,2018-2019,Percent,0.70813,7.77E-02
49,Utah,Other,2018,2018-2019,Percent,N/A,N/A
50,Vermont,Other,2018,2018-2019,Percent,N/A,N/A
51,Virginia,Other,2018,2018-2019,Percent,0.71251,0.142553315
53,Washington,Other,2018,2018-2019,Percent,0.79416,0.129128993
54,West Virginia,Other,2018,2018-2019,Percent,0.75233,0.135759339
55,Wisconsin,Other,2018,2018-2019,Percent,N/A,N/A
56,Wyoming,Other,2018,2018-2019,Percent,N/A,N/A
1,Alabama,Private,2018,2018-2019,Percent,0.83258,6.59E-02
2,Alaska,Private,2018,2018-2019,Percent,0.70564,8.02E-02
4,Arizona,Private,2018,2018-2019,Percent,0.75539,6.21E-02
5,Arkansas,Private,2018,2018-2019,Percent,0.77847,7.80E-02
6,California,Private,2018,2018-2019,Percent,0.75997,8.98E-02
8,Colorado,Private,2018,2018-2019,Percent,0.81132,7.07E-02
9,Connecticut,Private,2018,2018-2019,Percent,0.87383,5.56E-02
10,Delaware,Private,2018,2018-2019,Percent,0.84779,5.20E-02
11,Dist. of Columbia,Private,2018,2018-2019,Percent,0.8185,5.73E-02
12,Florida,Private,2018,2018-2019,Percent,0.77111,7.03E-02
13,Georgia,Private,2018,2018-2019,Percent,0.82954,6.04E-02
15,Hawaii,Private,2018,2018-2019,Percent,0.79319,6.53E-02
16,Idaho,Private,2018,2018-2019,Percent,0.70928,7.86E-02
17,Illinois,Private,2018,2018-2019,Percent,0.81046,4.34E-02
18,Indiana,Private,2018,2018-2019,Percent,0.80429,5.45E-02
19,Iowa,Private,2018,2018-2019,Percent,0.88121,4.54E-02
20,Kansas,Private,2018,2018-2019,Percent,0.82028,5.37E-02
21,Kentucky,Private,2018,2018-2019,Percent,0.80577,7.56E-02
22,Louisiana,Private,2018,2018-2019,Percent,0.8081,7.73E-02
23,Maine,Private,2018,2018-2019,Percent,0.83062,5.87E-02
24,Maryland,Private,2018,2018-2019,Percent,0.81533,4.73E-02
25,Massachusetts,Private,2018,2018-2019,Percent,0.85155,5.12E-02
26,Michigan,Private,2018,2018-2019,Percent,0.80459,5.34E-02
27,Minnesota,Private,2018,2018-2019,Percent,0.78644,7.35E-02
28,Mississippi,Private,2018,2018-2019,Percent,0.77682,6.31E-02
29,Missouri,Private,2018,2018-2019,Percent,0.78559,5.87E-02
30,Montana,Private,2018,2018-2019,Percent,0.7111,6.95E-02
31,Nebraska,Private,2018,2018-2019,Percent,0.82602,5.33E-02
32,Nevada,Private,2018,2018-2019,Percent,0.7181,6.60E-02
33,New Hampshire,Private,2018,2018-2019,Percent,0.84074,5.73E-02
34,New Jersey,Private,2018,2018-2019,Percent,0.775,5.63E-02
35,New Mexico,Private,2018,2018-2019,Percent,0.73899,7.60E-02
36,New York,Private,2018,2018-2019,Percent,0.75346,5.06E-02
37,North Carolina,Private,2018,2018-2019,Percent,0.86987,5.05E-02
38,North Dakota,Private,2018,2018-2019,Percent,0.85075,4.49E-02
39,Ohio,Private,2018,2018-2019,Percent,0.79446,6.47E-02
40,Oklahoma,Private,2018,2018-2019,Percent,0.71222,7.16E-02
41,Oregon,Private,2018,2018-2019,Percent,0.69312,9.58E-02
42,Pennsylvania,Private,2018,2018-2019,Percent,0.88165,3.76E-02
44,Rhode Island,Private,2018,2018-2019,Percent,0.81551,5.58E-02
45,South Carolina,Private,2018,2018-2019,Percent,0.78955,6.34E-02
46,South Dakota,Private,2018,2018-2019,Percent,0.81665,5.60E-02
47,Tennessee,Private,2018,2018-2019,Percent,0.79449,8.41E-02
48,Texas,Private,2018,2018-2019,Percent,0.76547,3.73E-02
49,Utah,Private,2018,2018-2019,Percent,0.76541,4.94E-02
50,Vermont,Private,2018,2018-2019,Percent,0.81866,5.19E-02
51,Virginia,Private,2018,2018-2019,Percent,0.87273,4.69E-02
53,Washington,Private,2018,2018-2019,Percent,0.79457,6.30E-02
54,West Virginia,Private,2018,2018-2019,Percent,0.7921,6.24E-02
55,Wisconsin,Private,2018,2018-2019,Percent,0.85262,4.70E-02
56,Wyoming,Private,2018,2018-2019,Percent,0.73192,5.70E-02
1,Alabama,Uninsured,2018,2018-2019,Percent,N/A,N/A
2,Alaska,Uninsured,2018,2018-2019,Percent,N/A,N/A
4,Arizona,Uninsured,2018,2018-2019,Percent,N/A,N/A
5,Arkansas,Uninsured,2018,2018-2019,Percent,N/A,N/A
6,California,Uninsured,2018,2018-2019,Percent,N/A,N/A
8,Colorado,Uninsured,2018,2018-2019,Percent,N/A,N/A
9,Connecticut,Uninsured,2018,2018-2019,Percent,N/A,N/A
10,Delaware,Uninsured,2018,2018-2019,Percent,N/A,N/A
11,Dist. of Columbia,Uninsured,2018,2018-2019,Percent,N/A,N/A
12,Florida,Uninsured,2018,2018-2019,Percent,N/A,N/A
13,Georgia,Uninsured,2018,2018-2019,Percent,N/A,N/A
15,Hawaii,Uninsured,2018,2018-2019,Percent,N/A,N/A
16,Idaho,Uninsured,2018,2018-2019,Percent,N/A,N/A
17,Illinois,Uninsured,2018,2018-2019,Percent,N/A,N/A
18,Indiana,Uninsured,2018,2018-2019,Percent,N/A,N/A
19,Iowa,Uninsured,2018,2018-2019,Percent,N/A,N/A
20,Kansas,Uninsured,2018,2018-2019,Percent,N/A,N/A
21,Kentucky,Uninsured,2018,2018-2019,Percent,N/A,N/A
22,Louisiana,Uninsured,2018,2018-2019,Percent,N/A,N/A
23,Maine,Uninsured,2018,2018-2019,Percent,N/A,N/A
24,Maryland,Uninsured,2018,2018-2019,Percent,N/A,N/A
25,Massachusetts,Uninsured,2018,2018-2019,Percent,N/A,N/A
26,Michigan,Uninsured,2018,2018-2019,Percent,N/A,N/A
27,Minnesota,Uninsured,2018,2018-2019,Percent,N/A,N/A
28,Mississippi,Uninsured,2018,2018-2019,Percent,N/A,N/A
29,Missouri,Uninsured,2018,2018-2019,Percent,N/A,N/A
30,Montana,Uninsured,2018,2018-2019,Percent,N/A,N/A
31,Nebraska,Uninsured,2018,2018-2019,Percent,N/A,N/A
32,Nevada,Uninsured,2018,2018-2019,Percent,N/A,N/A
33,New Hampshire,Uninsured,2018,2018-2019,Percent,N/A,N/A
34,New Jersey,Uninsured,2018,2018-2019,Percent,N/A,N/A
35,New Mexico,Uninsured,2018,2018-2019,Percent,N/A,N/A
36,New York,Uninsured,2018,2018-2019,Percent,N/A,N/A
37,North Carolina,Uninsured,2018,2018-2019,Percent,N/A,N/A
38,North Dakota,Uninsured,2018,2018-2019,Percent,N/A,N/A
39,Ohio,Uninsured,2018,2018-2019,Percent,N/A,N/A
40,Oklahoma,Uninsured,2018,2018-2019,Percent,N/A,N/A
41,Oregon,Uninsured,2018,2018-2019,Percent,N/A,N/A
42,Pennsylvania,Uninsured,2018,2018-2019,Percent,N/A,N/A
44,Rhode Island,Uninsured,2018,2018-2019,Percent,N/A,N/A
45,South Carolina,Uninsured,2018,2018-2019,Percent,N/A,N/A
46,South Dakota,Uninsured,2018,2018-2019,Percent,N/A,N/A
47,Tennessee,Uninsured,2018,2018-2019,Percent,N/A,N/A
48,Texas,Uninsured,2018,2018-2019,Percent,0.464,0.111695379
49,Utah,Uninsured,2018,2018-2019,Percent,N/A,N/A
50,Vermont,Uninsured,2018,2018-2019,Percent,N/A,N/A
51,Virginia,Uninsured,2018,2018-2019,Percent,N/A,N/A
53,Washington,Uninsured,2018,2018-2019,Percent,N/A,N/A
54,West Virginia,Uninsured,2018,2018-2019,Percent,N/A,N/A
55,Wisconsin,Uninsured,2018,2018-2019,Percent,N/A,N/A
56,Wyoming,Uninsured,2018,2018-2019,Percent,N/A,N/A
1,Alabama,Medicaid,2019,2019-2020,Percent,0.69784,7.76E-02
2,Alaska,Medicaid,2019,2019-2020,Percent,0.54868,7.30E-02
4,Arizona,Medicaid,2019,2019-2020,Percent,0.6674,8.10E-02
5,Arkansas,Medicaid,2019,2019-2020,Percent,0.68733,6.66E-02
6,California,Medicaid,2019,2019-2020,Percent,0.63495,9.04E-02
8,Colorado,Medicaid,2019,2019-2020,Percent,0.67253,9.64E-02
9,Connecticut,Medicaid,2019,2019-2020,Percent,0.88764,7.16E-02
10,Delaware,Medicaid,2019,2019-2020,Percent,0.77231,5.99E-02
11,Dist. of Columbia,Medicaid,2019,2019-2020,Percent,0.65235,8.20E-02
12,Florida,Medicaid,2019,2019-2020,Percent,0.72993,6.47E-02
13,Georgia,Medicaid,2019,2019-2020,Percent,0.65063,8.94E-02
15,Hawaii,Medicaid,2019,2019-2020,Percent,0.63288,8.98E-02
16,Idaho,Medicaid,2019,2019-2020,Percent,0.66261,7.74E-02
17,Illinois,Medicaid,2019,2019-2020,Percent,0.66438,6.07E-02
18,Indiana,Medicaid,2019,2019-2020,Percent,0.66097,6.91E-02
19,Iowa,Medicaid,2019,2019-2020,Percent,0.7137,8.18E-02
20,Kansas,Medicaid,2019,2019-2020,Percent,0.59373,9.12E-02
21,Kentucky,Medicaid,2019,2019-2020,Percent,0.6589,8.72E-02
22,Louisiana,Medicaid,2019,2019-2020,Percent,0.67616,6.76E-02
23,Maine,Medicaid,2019,2019-2020,Percent,0.74189,6.90E-02
24,Maryland,Medicaid,2019,2019-2020,Percent,0.69515,5.66E-02
25,Massachusetts,Medicaid,2019,2019-2020,Percent,0.74107,0.102089696
26,Michigan,Medicaid,2019,2019-2020,Percent,0.67594,7.37E-02
27,Minnesota,Medicaid,2019,2019-2020,Percent,0.70079,0.10096781
28,Mississippi,Medicaid,2019,2019-2020,Percent,0.70677,6.72E-02
29,Missouri,Medicaid,2019,2019-2020,Percent,0.61875,7.57E-02
30,Montana,Medicaid,2019,2019-2020,Percent,0.67906,7.52E-02
31,Nebraska,Medicaid,2019,2019-2020,Percent,0.78977,6.60E-02
32,Nevada,Medicaid,2019,2019-2020,Percent,0.68975,6.80E-02
33,New Hampshire,Medicaid,2019,2019-2020,Percent,0.81555,8.13E-02
34,New Jersey,Medicaid,2019,2019-2020,Percent,0.52148,0.106235191
35,New Mexico,Medicaid,2019,2019-2020,Percent,0.66315,5.51E-02
36,New York,Medicaid,2019,2019-2020,Percent,0.62454,6.49E-02
37,North Carolina,Medicaid,2019,2019-2020,Percent,0.77498,7.24E-02
38,North Dakota,Medicaid,2019,2019-2020,Percent,0.66563,0.10168431
39,Ohio,Medicaid,2019,2019-2020,Percent,0.64048,8.36E-02
40,Oklahoma,Medicaid,2019,2019-2020,Percent,0.67442,6.99E-02
41,Oregon,Medicaid,2019,2019-2020,Percent,0.63666,9.13E-02
42,Pennsylvania,Medicaid,2019,2019-2020,Percent,0.73387,6.66E-02
44,Rhode Island,Medicaid,2019,2019-2020,Percent,0.69247,8.42E-02
45,South Carolina,Medicaid,2019,2019-2020,Percent,0.66277,7.59E-02
46,South Dakota,Medicaid,2019,2019-2020,Percent,0.71178,8.09E-02
47,Tennessee,Medicaid,2019,2019-2020,Percent,0.61589,9.28E-02
48,Texas,Medicaid,2019,2019-2020,Percent,0.66769,4.69E-02
49,Utah,Medicaid,2019,2019-2020,Percent,0.78485,0.102527723
50,Vermont,Medicaid,2019,2019-2020,Percent,0.76259,5.92E-02
51,Virginia,Medicaid,2019,2019-2020,Percent,0.66032,0.10735251
53,Washington,Medicaid,2019,2019-2020,Percent,0.6789,6.47E-02
54,West Virginia,Medicaid,2019,2019-2020,Percent,0.69565,7.00E-02
55,Wisconsin,Medicaid,2019,2019-2020,Percent,0.64465,0.103721276
56,Wyoming,Medicaid,2019,2019-2020,Percent,0.72799,8.43E-02
1,Alabama,Other,2019,2019-2020,Percent,0.76155,0.129063532
2,Alaska,Other,2019,2019-2020,Percent,0.7106,0.111070193
4,Arizona,Other,2019,2019-2020,Percent,0.94455,4.84E-02
5,Arkansas,Other,2019,2019-2020,Percent,0.69888,0.105094612
6,California,Other,2019,2019-2020,Percent,0.80692,0.135336727
8,Colorado,Other,2019,2019-2020,Percent,0.58564,0.20221293
9,Connecticut,Other,2019,2019-2020,Percent,N/A,N/A
10,Delaware,Other,2019,2019-2020,Percent,N/A,N/A
11,Dist. of Columbia,Other,2019,2019-2020,Percent,N/A,N/A
12,Florida,Other,2019,2019-2020,Percent,0.88431,0.110857151
13,Georgia,Other,2019,2019-2020,Percent,0.62828,0.174617827
15,Hawaii,Other,2019,2019-2020,Percent,0.78857,0.110514842
16,Idaho,Other,2019,2019-2020,Percent,N/A,N/A
17,Illinois,Other,2019,2019-2020,Percent,N/A,N/A
18,Indiana,Other,2019,2019-2020,Percent,N/A,N/A
19,Iowa,Other,2019,2019-2020,Percent,N/A,N/A
20,Kansas,Other,2019,2019-2020,Percent,0.68708,0.104473747
21,Kentucky,Other,2019,2019-2020,Percent,N/A,N/A
22,Louisiana,Other,2019,2019-2020,Percent,N/A,N/A
23,Maine,Other,2019,2019-2020,Percent,N/A,N/A
24,Maryland,Other,2019,2019-2020,Percent,0.67544,0.141890988
25,Massachusetts,Other,2019,2019-2020,Percent,N/A,N/A
26,Michigan,Other,2019,2019-2020,Percent,N/A,N/A
27,Minnesota,Other,2019,2019-2020,Percent,N/A,N/A
28,Mississippi,Other,2019,2019-2020,Percent,N/A,N/A
29,Missouri,Other,2019,2019-2020,Percent,N/A,N/A
30,Montana,Other,2019,2019-2020,Percent,N/A,N/A
31,Nebraska,Other,2019,2019-2020,Percent,N/A,N/A
32,Nevada,Other,2019,2019-2020,Percent,N/A,N/A
33,New Hampshire,Other,2019,2019-2020,Percent,N/A,N/A
34,New Jersey,Other,2019,2019-2020,Percent,N/A,N/A
35,New Mexico,Other,2019,2019-2020,Percent,N/A,N/A
36,New York,Other,2019,2019-2020,Percent,0.62139,0.105783284
37,North Carolina,Other,2019,2019-2020,Percent,0.7692,0.129856065
38,North Dakota,Other,2019,2019-2020,Percent,N/A,N/A
39,Ohio,Other,2019,2019-2020,Percent,N/A,N/A
40,Oklahoma,Other,2019,2019-2020,Percent,N/A,N/A
41,Oregon,Other,2019,2019-2020,Percent,N/A,N/A
42,Pennsylvania,Other,2019,2019-2020,Percent,0.73518,0.123690859
44,Rhode Island,Other,2019,2019-2020,Percent,N/A,N/A
45,South Carolina,Other,2019,2019-2020,Percent,N/A,N/A
46,South Dakota,Other,2019,2019-2020,Percent,0.70944,0.161389053
47,Tennessee,Other,2019,2019-2020,Percent,0.64817,0.164819688
48,Texas,Other,2019,2019-2020,Percent,0.66763,0.101107761
49,Utah,Other,2019,2019-2020,Percent,N/A,N/A
50,Vermont,Other,2019,2019-2020,Percent,N/A,N/A
51,Virginia,Other,2019,2019-2020,Percent,0.68243,0.150828734
53,Washington,Other,2019,2019-2020,Percent,0.78445,0.12339174
54,West Virginia,Other,2019,2019-2020,Percent,N/A,N/A
55,Wisconsin,Other,2019,2019-2020,Percent,N/A,N/A
56,Wyoming,Other,2019,2019-2020,Percent,N/A,N/A
1,Alabama,Private,2019,2019-2020,Percent,0.81349,7.23E-02
2,Alaska,Private,2019,2019-2020,Percent,0.73053,7.83E-02
4,Arizona,Private,2019,2019-2020,Percent,0.77051,5.89E-02
5,Arkansas,Private,2019,2019-2020,Percent,0.77949,6.86E-02
6,California,Private,2019,2019-2020,Percent,0.75469,7.72E-02
8,Colorado,Private,2019,2019-2020,Percent,0.81613,6.27E-02
9,Connecticut,Private,2019,2019-2020,Percent,0.8678,5.11E-02
10,Delaware,Private,2019,2019-2020,Percent,0.84786,5.07E-02
11,Dist. of Columbia,Private,2019,2019-2020,Percent,0.77132,5.38E-02
12,Florida,Private,2019,2019-2020,Percent,0.76805,6.82E-02
13,Georgia,Private,2019,2019-2020,Percent,0.80687,6.38E-02
15,Hawaii,Private,2019,2019-2020,Percent,0.79678,6.32E-02
16,Idaho,Private,2019,2019-2020,Percent,0.77462,5.98E-02
17,Illinois,Private,2019,2019-2020,Percent,0.80313,4.32E-02
18,Indiana,Private,2019,2019-2020,Percent,0.76335,5.95E-02
19,Iowa,Private,2019,2019-2020,Percent,0.87654,4.36E-02
20,Kansas,Private,2019,2019-2020,Percent,0.84485,4.39E-02
21,Kentucky,Private,2019,2019-2020,Percent,0.8259,6.55E-02
22,Louisiana,Private,2019,2019-2020,Percent,0.72887,7.97E-02
23,Maine,Private,2019,2019-2020,Percent,0.84733,5.18E-02
24,Maryland,Private,2019,2019-2020,Percent,0.85445,3.38E-02
25,Massachusetts,Private,2019,2019-2020,Percent,0.87194,4.76E-02
26,Michigan,Private,2019,2019-2020,Percent,0.81848,5.23E-02
27,Minnesota,Private,2019,2019-2020,Percent,0.85601,4.41E-02
28,Mississippi,Private,2019,2019-2020,Percent,0.79688,6.68E-02
29,Missouri,Private,2019,2019-2020,Percent,0.8407,4.47E-02
30,Montana,Private,2019,2019-2020,Percent,0.77029,6.38E-02
31,Nebraska,Private,2019,2019-2020,Percent,0.81757,4.99E-02
32,Nevada,Private,2019,2019-2020,Percent,0.77589,6.43E-02
33,New Hampshire,Private,2019,2019-2020,Percent,0.85279,5.53E-02
34,New Jersey,Private,2019,2019-2020,Percent,0.7986,5.96E-02
35,New Mexico,Private,2019,2019-2020,Percent,0.77947,7.10E-02
36,New York,Private,2019,2019-2020,Percent,0.8247,4.04E-02
37,North Carolina,Private,2019,2019-2020,Percent,0.81918,5.67E-02
38,North Dakota,Private,2019,2019-2020,Percent,0.81082,5.07E-02
39,Ohio,Private,2019,2019-2020,Percent,0.80417,6.51E-02
40,Oklahoma,Private,2019,2019-2020,Percent,0.71283,8.24E-02
41,Oregon,Private,2019,2019-2020,Percent,0.75374,8.12E-02
42,Pennsylvania,Private,2019,2019-2020,Percent,0.87867,3.60E-02
44,Rhode Island,Private,2019,2019-2020,Percent,0.85045,5.46E-02
45,South Carolina,Private,2019,2019-2020,Percent,0.82756,6.02E-02
46,South Dakota,Private,2019,2019-2020,Percent,0.80163,5.05E-02
47,Tennessee,Private,2019,2019-2020,Percent,0.80008,7.90E-02
48,Texas,Private,2019,2019-2020,Percent,0.76008,4.01E-02
49,Utah,Private,2019,2019-2020,Percent,0.7951,5.40E-02
50,Vermont,Private,2019,2019-2020,Percent,0.861,4.40E-02
51,Virginia,Private,2019,2019-2020,Percent,0.84176,4.66E-02
53,Washington,Private,2019,2019-2020,Percent,0.80169,4.67E-02
54,West Virginia,Private,2019,2019-2020,Percent,0.83801,5.83E-02
55,Wisconsin,Private,2019,2019-2020,Percent,0.79121,5.95E-02
56,Wyoming,Private,2019,2019-2020,Percent,0.73776,5.61E-02
1,Alabama,Uninsured,2019,2019-2020,Percent,N/A,N/A
2,Alaska,Uninsured,2019,2019-2020,Percent,N/A,N/A
4,Arizona,Uninsured,2019,2019-2020,Percent,N/A,N/A
5,Arkansas,Uninsured,2019,2019-2020,Percent,N/A,N/A
6,California,Uninsured,2019,2019-2020,Percent,N/A,N/A
8,Colorado,Uninsured,2019,2019-2020,Percent,N/A,N/A
9,Connecticut,Uninsured,2019,2019-2020,Percent,N/A,N/A
10,Delaware,Uninsured,2019,2019-2020,Percent,N/A,N/A
11,Dist. of Columbia,Uninsured,2019,2019-2020,Percent,N/A,N/A
12,Florida,Uninsured,2019,2019-2020,Percent,N/A,N/A
13,Georgia,Uninsured,2019,2019-2020,Percent,N/A,N/A
15,Hawaii,Uninsured,2019,2019-2020,Percent,N/A,N/A
16,Idaho,Uninsured,2019,2019-2020,Percent,N/A,N/A
17,Illinois,Uninsured,2019,2019-2020,Percent,N/A,N/A
18,Indiana,Uninsured,2019,2019-2020,Percent,N/A,N/A
19,Iowa,Uninsured,2019,2019-2020,Percent,N/A,N/A
20,Kansas,Uninsured,2019,2019-2020,Percent,N/A,N/A
21,Kentucky,Uninsured,2019,2019-2020,Percent,N/A,N/A
22,Louisiana,Uninsured,2019,2019-2020,Percent,N/A,N/A
23,Maine,Uninsured,2019,2019-2020,Percent,N/A,N/A
24,Maryland,Uninsured,2019,2019-2020,Percent,N/A,N/A
25,Massachusetts,Uninsured,2019,2019-2020,Percent,N/A,N/A
26,Michigan,Uninsured,2019,2019-2020,Percent,N/A,N/A
27,Minnesota,Uninsured,2019,2019-2020,Percent,N/A,N/A
28,Mississippi,Uninsured,2019,2019-2020,Percent,N/A,N/A
29,Missouri,Uninsured,2019,2019-2020,Percent,N/A,N/A
30,Montana,Uninsured,2019,2019-2020,Percent,N/A,N/A
31,Nebraska,Uninsured,2019,2019-2020,Percent,N/A,N/A
32,Nevada,Uninsured,2019,2019-2020,Percent,N/A,N/A
33,New Hampshire,Uninsured,2019,2019-2020,Percent,N/A,N/A
34,New Jersey,Uninsured,2019,2019-2020,Percent,N/A,N/A
35,New Mexico,Uninsured,2019,2019-2020,Percent,N/A,N/A
36,New York,Uninsured,2019,2019-2020,Percent,N/A,N/A
37,North Carolina,Uninsured,2019,2019-2020,Percent,N/A,N/A
38,North Dakota,Uninsured,2019,2019-2020,Percent,N/A,N/A
39,Ohio,Uninsured,2019,2019-2020,Percent,N/A,N/A
40,Oklahoma,Uninsured,2019,2019-2020,Percent,N/A,N/A
41,Oregon,Uninsured,2019,2019-2020,Percent,N/A,N/A
42,Pennsylvania,Uninsured,2019,2019-2020,Percent,N/A,N/A
44,Rhode Island,Uninsured,2019,2019-2020,Percent,N/A,N/A
45,South Carolina,Uninsured,2019,2019-2020,Percent,N/A,N/A
46,South Dakota,Uninsured,2019,2019-2020,Percent,N/A,N/A
47,Tennessee,Uninsured,2019,2019-2020,Percent,N/A,N/A
48,Texas,Uninsured,2019,2019-2020,Percent,0.42898,0.126837149
49,Utah,Uninsured,2019,2019-2020,Percent,N/A,N/A
50,Vermont,Uninsured,2019,2019-2020,Percent,N/A,N/A
51,Virginia,Uninsured,2019,2019-2020,Percent,N/A,N/A
53,Washington,Uninsured,2019,2019-2020,Percent,N/A,N/A
54,West Virginia,Uninsured,2019,2019-2020,Percent,N/A,N/A
55,Wisconsin,Uninsured,2019,2019-2020,Percent,N/A,N/A
56,Wyoming,Uninsured,2019,2019-2020,Percent,N/A,N/A
1,Alabama,Medicaid,2020,2020-2021,Percent,0.70918,7.55E-02
2,Alaska,Medicaid,2020,2020-2021,Percent,0.53082,7.09E-02
4,Arizona,Medicaid,2020,2020-2021,Percent,0.61654,8.64E-02
5,Arkansas,Medicaid,2020,2020-2021,Percent,0.64116,6.55E-02
6,California,Medicaid,2020,2020-2021,Percent,0.65272,6.85E-02
8,Colorado,Medicaid,2020,2020-2021,Percent,0.58992,0.104929552
9,Connecticut,Medicaid,2020,2020-2021,Percent,0.81063,7.51E-02
10,Delaware,Medicaid,2020,2020-2021,Percent,0.7459,6.51E-02
11,Dist. of Columbia,Medicaid,2020,2020-2021,Percent,0.67838,7.87E-02
12,Florida,Medicaid,2020,2020-2021,Percent,0.68837,8.24E-02
13,Georgia,Medicaid,2020,2020-2021,Percent,0.60688,9.46E-02
15,Hawaii,Medicaid,2020,2020-2021,Percent,0.67094,8.07E-02
16,Idaho,Medicaid,2020,2020-2021,Percent,0.72457,5.74E-02
17,Illinois,Medicaid,2020,2020-2021,Percent,0.60331,6.24E-02
18,Indiana,Medicaid,2020,2020-2021,Percent,0.67888,7.21E-02
19,Iowa,Medicaid,2020,2020-2021,Percent,0.80507,7.09E-02
20,Kansas,Medicaid,2020,2020-2021,Percent,0.55721,9.37E-02
21,Kentucky,Medicaid,2020,2020-2021,Percent,0.66507,7.27E-02
22,Louisiana,Medicaid,2020,2020-2021,Percent,0.57783,6.48E-02
23,Maine,Medicaid,2020,2020-2021,Percent,0.7258,6.90E-02
24,Maryland,Medicaid,2020,2020-2021,Percent,0.71091,5.11E-02
25,Massachusetts,Medicaid,2020,2020-2021,Percent,0.73267,9.53E-02
26,Michigan,Medicaid,2020,2020-2021,Percent,0.61117,7.36E-02
27,Minnesota,Medicaid,2020,2020-2021,Percent,0.65759,0.10356275
28,Mississippi,Medicaid,2020,2020-2021,Percent,0.65733,7.32E-02
29,Missouri,Medicaid,2020,2020-2021,Percent,0.62126,7.47E-02
30,Montana,Medicaid,2020,2020-2021,Percent,0.7,7.61E-02
31,Nebraska,Medicaid,2020,2020-2021,Percent,0.78301,6.98E-02
32,Nevada,Medicaid,2020,2020-2021,Percent,0.71533,6.36E-02
33,New Hampshire,Medicaid,2020,2020-2021,Percent,0.77741,7.59E-02
34,New Jersey,Medicaid,2020,2020-2021,Percent,0.53474,0.102657817
35,New Mexico,Medicaid,2020,2020-2021,Percent,0.68419,5.54E-02
36,New York,Medicaid,2020,2020-2021,Percent,0.63408,6.12E-02
37,North Carolina,Medicaid,2020,2020-2021,Percent,0.76711,7.98E-02
38,North Dakota,Medicaid,2020,2020-2021,Percent,0.78078,9.05E-02
39,Ohio,Medicaid,2020,2020-2021,Percent,0.65162,7.25E-02
40,Oklahoma,Medicaid,2020,2020-2021,Percent,0.65354,7.69E-02
41,Oregon,Medicaid,2020,2020-2021,Percent,0.6794,7.03E-02
42,Pennsylvania,Medicaid,2020,2020-2021,Percent,0.72723,6.18E-02
44,Rhode Island,Medicaid,2020,2020-2021,Percent,0.76058,7.89E-02
45,South Carolina,Medicaid,2020,2020-2021,Percent,0.6447,7.83E-02
46,South Dakota,Medicaid,2020,2020-2021,Percent,0.72013,7.22E-02
47,Tennessee,Medicaid,2020,2020-2021,Percent,0.68711,6.56E-02
48,Texas,Medicaid,2020,2020-2021,Percent,0.65954,5.19E-02
49,Utah,Medicaid,2020,2020-2021,Percent,0.76423,0.100280225
50,Vermont,Medicaid,2020,2020-2021,Percent,0.78032,5.49E-02
51,Virginia,Medicaid,2020,2020-2021,Percent,0.72615,8.85E-02
53,Washington,Medicaid,2020,2020-2021,Percent,0.64104,6.28E-02
54,West Virginia,Medicaid,2020,2020-2021,Percent,0.60617,7.37E-02
55,Wisconsin,Medicaid,2020,2020-2021,Percent,0.64334,9.99E-02
56,Wyoming,Medicaid,2020,2020-2021,Percent,0.73115,8.73E-02
1,Alabama,Other,2020,2020-2021,Percent,N/A,N/A
2,Alaska,Other,2020,2020-2021,Percent,0.74724,0.102095097
4,Arizona,Other,2020,2020-2021,Percent,0.75365,0.17177023
5,Arkansas,Other,2020,2020-2021,Percent,0.68412,0.109161705
6,California,Other,2020,2020-2021,Percent,0.73364,0.146179274
8,Colorado,Other,2020,2020-2021,Percent,0.69045,0.183510765
9,Connecticut,Other,2020,2020-2021,Percent,0.81733,9.48E-02
10,Delaware,Other,2020,2020-2021,Percent,N/A,N/A
11,Dist. of Columbia,Other,2020,2020-2021,Percent,N/A,N/A
12,Florida,Other,2020,2020-2021,Percent,N/A,N/A
13,Georgia,Other,2020,2020-2021,Percent,0.4201,0.179828629
15,Hawaii,Other,2020,2020-2021,Percent,0.73362,0.136343181
16,Idaho,Other,2020,2020-2021,Percent,0.79389,0.167012289
17,Illinois,Other,2020,2020-2021,Percent,N/A,N/A
18,Indiana,Other,2020,2020-2021,Percent,N/A,N/A
19,Iowa,Other,2020,2020-2021,Percent,N/A,N/A
20,Kansas,Other,2020,2020-2021,Percent,0.77702,9.54E-02
21,Kentucky,Other,2020,2020-2021,Percent,N/A,N/A
22,Louisiana,Other,2020,2020-2021,Percent,N/A,N/A
23,Maine,Other,2020,2020-2021,Percent,N/A,N/A
24,Maryland,Other,2020,2020-2021,Percent,0.72499,0.126004532
25,Massachusetts,Other,2020,2020-2021,Percent,N/A,N/A
26,Michigan,Other,2020,2020-2021,Percent,N/A,N/A
27,Minnesota,Other,2020,2020-2021,Percent,N/A,N/A
28,Mississippi,Other,2020,2020-2021,Percent,N/A,N/A
29,Missouri,Other,2020,2020-2021,Percent,N/A,N/A
30,Montana,Other,2020,2020-2021,Percent,N/A,N/A
31,Nebraska,Other,2020,2020-2021,Percent,N/A,N/A
32,Nevada,Other,2020,2020-2021,Percent,0.61684,0.15767853
33,New Hampshire,Other,2020,2020-2021,Percent,N/A,N/A
34,New Jersey,Other,2020,2020-2021,Percent,N/A,N/A
35,New Mexico,Other,2020,2020-2021,Percent,N/A,N/A
36,New York,Other,2020,2020-2021,Percent,0.7162,9.55E-02
37,North Carolina,Other,2020,2020-2021,Percent,N/A,N/A
38,North Dakota,Other,2020,2020-2021,Percent,N/A,N/A
39,Ohio,Other,2020,2020-2021,Percent,N/A,N/A
40,Oklahoma,Other,2020,2020-2021,Percent,N/A,N/A
41,Oregon,Other,2020,2020-2021,Percent,N/A,N/A
42,Pennsylvania,Other,2020,2020-2021,Percent,0.73184,0.124756083
44,Rhode Island,Other,2020,2020-2021,Percent,N/A,N/A
45,South Carolina,Other,2020,2020-2021,Percent,N/A,N/A
46,South Dakota,Other,2020,2020-2021,Percent,N/A,N/A
47,Tennessee,Other,2020,2020-2021,Percent,0.67749,0.159876883
48,Texas,Other,2020,2020-2021,Percent,0.66847,0.11070659
49,Utah,Other,2020,2020-2021,Percent,N/A,N/A
50,Vermont,Other,2020,2020-2021,Percent,N/A,N/A
51,Virginia,Other,2020,2020-2021,Percent,0.55254,0.164704025
53,Washington,Other,2020,2020-2021,Percent,0.81557,0.101841003
54,West Virginia,Other,2020,2020-2021,Percent,N/A,N/A
55,Wisconsin,Other,2020,2020-2021,Percent,N/A,N/A
56,Wyoming,Other,2020,2020-2021,Percent,N/A,N/A
1,Alabama,Private,2020,2020-2021,Percent,0.84562,5.66E-02
2,Alaska,Private,2020,2020-2021,Percent,0.74545,6.78E-02
4,Arizona,Private,2020,2020-2021,Percent,0.74737,7.03E-02
5,Arkansas,Private,2020,2020-2021,Percent,0.7724,6.52E-02
6,California,Private,2020,2020-2021,Percent,0.76808,5.33E-02
8,Colorado,Private,2020,2020-2021,Percent,0.82435,5.59E-02
9,Connecticut,Private,2020,2020-2021,Percent,0.88223,3.85E-02
10,Delaware,Private,2020,2020-2021,Percent,0.83749,5.32E-02
11,Dist. of Columbia,Private,2020,2020-2021,Percent,0.75079,4.94E-02
12,Florida,Private,2020,2020-2021,Percent,0.80838,7.72E-02
13,Georgia,Private,2020,2020-2021,Percent,0.79611,6.92E-02
15,Hawaii,Private,2020,2020-2021,Percent,0.79191,5.60E-02
16,Idaho,Private,2020,2020-2021,Percent,0.79458,4.73E-02
17,Illinois,Private,2020,2020-2021,Percent,0.82078,3.60E-02
18,Indiana,Private,2020,2020-2021,Percent,0.75258,6.44E-02
19,Iowa,Private,2020,2020-2021,Percent,0.90311,3.98E-02
20,Kansas,Private,2020,2020-2021,Percent,0.75575,5.87E-02
21,Kentucky,Private,2020,2020-2021,Percent,0.84972,4.85E-02
22,Louisiana,Private,2020,2020-2021,Percent,0.76116,6.32E-02
23,Maine,Private,2020,2020-2021,Percent,0.85136,5.14E-02
24,Maryland,Private,2020,2020-2021,Percent,0.87841,2.74E-02
25,Massachusetts,Private,2020,2020-2021,Percent,0.89598,3.55E-02
26,Michigan,Private,2020,2020-2021,Percent,0.80495,5.59E-02
27,Minnesota,Private,2020,2020-2021,Percent,0.74172,6.06E-02
28,Mississippi,Private,2020,2020-2021,Percent,0.79993,6.59E-02
29,Missouri,Private,2020,2020-2021,Percent,0.8462,4.25E-02
30,Montana,Private,2020,2020-2021,Percent,0.76896,6.09E-02
31,Nebraska,Private,2020,2020-2021,Percent,0.79781,5.42E-02
32,Nevada,Private,2020,2020-2021,Percent,0.82583,5.69E-02
33,New Hampshire,Private,2020,2020-2021,Percent,0.83848,4.59E-02
34,New Jersey,Private,2020,2020-2021,Percent,0.76882,6.08E-02
35,New Mexico,Private,2020,2020-2021,Percent,0.82084,6.76E-02
36,New York,Private,2020,2020-2021,Percent,0.78303,4.35E-02
37,North Carolina,Private,2020,2020-2021,Percent,0.81474,5.99E-02
38,North Dakota,Private,2020,2020-2021,Percent,0.82194,5.17E-02
39,Ohio,Private,2020,2020-2021,Percent,0.82281,4.91E-02
40,Oklahoma,Private,2020,2020-2021,Percent,0.76317,8.45E-02
41,Oregon,Private,2020,2020-2021,Percent,0.85244,5.29E-02
42,Pennsylvania,Private,2020,2020-2021,Percent,0.84318,4.35E-02
44,Rhode Island,Private,2020,2020-2021,Percent,0.80428,6.55E-02
45,South Carolina,Private,2020,2020-2021,Percent,0.78796,6.26E-02
46,South Dakota,Private,2020,2020-2021,Percent,0.74709,5.16E-02
47,Tennessee,Private,2020,2020-2021,Percent,0.76866,5.87E-02
48,Texas,Private,2020,2020-2021,Percent,0.80536,3.74E-02
49,Utah,Private,2020,2020-2021,Percent,0.8031,5.17E-02
50,Vermont,Private,2020,2020-2021,Percent,0.86489,4.05E-02
51,Virginia,Private,2020,2020-2021,Percent,0.81304,5.05E-02
53,Washington,Private,2020,2020-2021,Percent,0.81737,4.32E-02
54,West Virginia,Private,2020,2020-2021,Percent,0.78906,6.60E-02
55,Wisconsin,Private,2020,2020-2021,Percent,0.78146,6.33E-02
56,Wyoming,Private,2020,2020-2021,Percent,0.75785,6.36E-02
1,Alabama,Uninsured,2020,2020-2021,Percent,N/A,N/A
2,Alaska,Uninsured,2020,2020-2021,Percent,N/A,N/A
4,Arizona,Uninsured,2020,2020-2021,Percent,N/A,N/A
5,Arkansas,Uninsured,2020,2020-2021,Percent,N/A,N/A
6,California,Uninsured,2020,2020-2021,Percent,N/A,N/A
8,Colorado,Uninsured,2020,2020-2021,Percent,N/A,N/A
9,Connecticut,Uninsured,2020,2020-2021,Percent,N/A,N/A
10,Delaware,Uninsured,2020,2020-2021,Percent,N/A,N/A
11,Dist. of Columbia,Uninsured,2020,2020-2021,Percent,N/A,N/A
12,Florida,Uninsured,2020,2020-2021,Percent,N/A,N/A
13,Georgia,Uninsured,2020,2020-2021,Percent,N/A,N/A
15,Hawaii,Uninsured,2020,2020-2021,Percent,N/A,N/A
16,Idaho,Uninsured,2020,2020-2021,Percent,N/A,N/A
17,Illinois,Uninsured,2020,2020-2021,Percent,N/A,N/A
18,Indiana,Uninsured,2020,2020-2021,Percent,N/A,N/A
19,Iowa,Uninsured,2020,2020-2021,Percent,N/A,N/A
20,Kansas,Uninsured,2020,2020-2021,Percent,N/A,N/A
21,Kentucky,Uninsured,2020,2020-2021,Percent,N/A,N/A
22,Louisiana,Uninsured,2020,2020-2021,Percent,N/A,N/A
23,Maine,Uninsured,2020,2020-2021,Percent,N/A,N/A
24,Maryland,Uninsured,2020,2020-2021,Percent,N/A,N/A
25,Massachusetts,Uninsured,2020,2020-2021,Percent,N/A,N/A
26,Michigan,Uninsured,2020,2020-2021,Percent,N/A,N/A
27,Minnesota,Uninsured,2020,2020-2021,Percent,N/A,N/A
28,Mississippi,Uninsured,2020,2020-2021,Percent,N/A,N/A
29,Missouri,Uninsured,2020,2020-2021,Percent,N/A,N/A
30,Montana,Uninsured,2020,2020-2021,Percent,N/A,N/A
31,Nebraska,Uninsured,2020,2020-2021,Percent,N/A,N/A
32,Nevada,Uninsured,2020,2020-2021,Percent,N/A,N/A
33,New Hampshire,Uninsured,2020,2020-2021,Percent,N/A,N/A
34,New Jersey,Uninsured,2020,2020-2021,Percent,N/A,N/A
35,New Mexico,Uninsured,2020,2020-2021,Percent,N/A,N/A
36,New York,Uninsured,2020,2020-2021,Percent,N/A,N/A
37,North Carolina,Uninsured,2020,2020-2021,Percent,N/A,N/A
38,North Dakota,Uninsured,2020,2020-2021,Percent,N/A,N/A
39,Ohio,Uninsured,2020,2020-2021,Percent,N/A,N/A
40,Oklahoma,Uninsured,2020,2020-2021,Percent,N/A,N/A
41,Oregon,Uninsured,2020,2020-2021,Percent,N/A,N/A
42,Pennsylvania,Uninsured,2020,2020-2021,Percent,N/A,N/A
44,Rhode Island,Uninsured,2020,2020-2021,Percent,N/A,N/A
45,South Carolina,Uninsured,2020,2020-2021,Percent,N/A,N/A
46,South Dakota,Uninsured,2020,2020-2021,Percent,N/A,N/A
47,Tennessee,Uninsured,2020,2020-2021,Percent,N/A,N/A
48,Texas,Uninsured,2020,2020-2021,Percent,0.44352,0.154547736
49,Utah,Uninsured,2020,2020-2021,Percent,N/A,N/A
50,Vermont,Uninsured,2020,2020-2021,Percent,N/A,N/A
51,Virginia,Uninsured,2020,2020-2021,Percent,N/A,N/A
53,Washington,Uninsured,2020,2020-2021,Percent,N/A,N/A
54,West Virginia,Uninsured,2020,2020-2021,Percent,N/A,N/A
55,Wisconsin,Uninsured,2020,2020-2021,Percent,N/A,N/A
56,Wyoming,Uninsured,2020,2020-2021,Percent,N/A,N/A
1,Alabama,Medicaid,2021,2021-2022,Percent,0.63014,0.079268724
2,Alaska,Medicaid,2021,2021-2022,Percent,0.53573,0.081928112
4,Arizona,Medicaid,2021,2021-2022,Percent,0.60412,0.081328586
5,Arkansas,Medicaid,2021,2021-2022,Percent,0.669,0.065544881
6,California,Medicaid,2021,2021-2022,Percent,0.59843,0.077378079
8,Colorado,Medicaid,2021,2021-2022,Percent,0.62179,0.094505213
9,Connecticut,Medicaid,2021,2021-2022,Percent,0.77646,0.088417359
10,Delaware,Medicaid,2021,2021-2022,Percent,0.76651,0.076521613
11,Dist. of Columbia,Medicaid,2021,2021-2022,Percent,0.6901,0.091644988
12,Florida,Medicaid,2021,2021-2022,Percent,0.66914,0.081831954
13,Georgia,Medicaid,2021,2021-2022,Percent,0.65422,0.091954917
15,Hawaii,Medicaid,2021,2021-2022,Percent,0.71928,0.079247825
16,Idaho,Medicaid,2021,2021-2022,Percent,0.74292,0.06784299
17,Illinois,Medicaid,2021,2021-2022,Percent,0.64237,0.063895218
18,Indiana,Medicaid,2021,2021-2022,Percent,0.70898,0.072600849
19,Iowa,Medicaid,2021,2021-2022,Percent,0.7957,0.074263573
20,Kansas,Medicaid,2021,2021-2022,Percent,0.59109,0.103950664
21,Kentucky,Medicaid,2021,2021-2022,Percent,0.69337,0.075535737
22,Louisiana,Medicaid,2021,2021-2022,Percent,0.59019,0.065487571
23,Maine,Medicaid,2021,2021-2022,Percent,0.72314,0.080222912
24,Maryland,Medicaid,2021,2021-2022,Percent,0.71123,0.058121648
25,Massachusetts,Medicaid,2021,2021-2022,Percent,0.77343,0.081261173
26,Michigan,Medicaid,2021,2021-2022,Percent,0.69025,0.071825698
27,Minnesota,Medicaid,2021,2021-2022,Percent,0.67551,0.109692618
28,Mississippi,Medicaid,2021,2021-2022,Percent,0.65535,0.07586804
29,Missouri,Medicaid,2021,2021-2022,Percent,0.62711,0.07800474
30,Montana,Medicaid,2021,2021-2022,Percent,0.63757,0.087033294
31,Nebraska,Medicaid,2021,2021-2022,Percent,0.7809,0.076396912
32,Nevada,Medicaid,2021,2021-2022,Percent,0.66339,0.072858401
33,New Hampshire,Medicaid,2021,2021-2022,Percent,0.70235,0.093268611
34,New Jersey,Medicaid,2021,2021-2022,Percent,0.61047,0.097944602
35,New Mexico,Medicaid,2021,2021-2022,Percent,0.73058,0.053434197
36,New York,Medicaid,2021,2021-2022,Percent,0.65723,0.060058154
37,North Carolina,Medicaid,2021,2021-2022,Percent,0.7334,0.075272076
38,North Dakota,Medicaid,2021,2021-2022,Percent,0.66902,0.104483791
39,Ohio,Medicaid,2021,2021-2022,Percent,0.66294,0.070020117
40,Oklahoma,Medicaid,2021,2021-2022,Percent,0.60512,0.081609994
41,Oregon,Medicaid,2021,2021-2022,Percent,0.60397,0.092677526
42,Pennsylvania,Medicaid,2021,2021-2022,Percent,0.69886,0.063773558
44,Rhode Island,Medicaid,2021,2021-2022,Percent,0.82059,0.06149929
45,South Carolina,Medicaid,2021,2021-2022,Percent,0.66543,0.076357439
46,South Dakota,Medicaid,2021,2021-2022,Percent,0.65568,0.086680606
47,Tennessee,Medicaid,2021,2021-2022,Percent,0.71003,0.070163235
48,Texas,Medicaid,2021,2021-2022,Percent,0.67423,0.062589265
49,Utah,Medicaid,2021,2021-2022,Percent,0.78358,0.081297271
50,Vermont,Medicaid,2021,2021-2022,Percent,0.7675,0.061691985
51,Virginia,Medicaid,2021,2021-2022,Percent,0.72012,0.07823471
53,Washington,Medicaid,2021,2021-2022,Percent,0.65913,0.067960195
54,West Virginia,Medicaid,2021,2021-2022,Percent,0.57652,0.069979265
55,Wisconsin,Medicaid,2021,2021-2022,Percent,0.66477,0.086620003
56,Wyoming,Medicaid,2021,2021-2022,Percent,0.68361,0.09172003
1,Alabama,Other,2021,2021-2022,Percent,N/A,N/A
2,Alaska,Other,2021,2021-2022,Percent,0.70725,0.099988923
4,Arizona,Other,2021,2021-2022,Percent,N/A,N/A
5,Arkansas,Other,2021,2021-2022,Percent,0.65263,0.140747562
6,California,Other,2021,2021-2022,Percent,0.73024,0.149636194
8,Colorado,Other,2021,2021-2022,Percent,0.69538,0.160966903
9,Connecticut,Other,2021,2021-2022,Percent,0.76658,0.114680506
10,Delaware,Other,2021,2021-2022,Percent,N/A,N/A
11,Dist. of Columbia,Other,2021,2021-2022,Percent,N/A,N/A
12,Florida,Other,2021,2021-2022,Percent,N/A,N/A
13,Georgia,Other,2021,2021-2022,Percent,0.42125,0.194571555
15,Hawaii,Other,2021,2021-2022,Percent,0.67518,0.142950326
16,Idaho,Other,2021,2021-2022,Percent,N/A,N/A
17,Illinois,Other,2021,2021-2022,Percent,N/A,N/A
18,Indiana,Other,2021,2021-2022,Percent,N/A,N/A
19,Iowa,Other,2021,2021-2022,Percent,N/A,N/A
20,Kansas,Other,2021,2021-2022,Percent,0.80978,0.080224693
21,Kentucky,Other,2021,2021-2022,Percent,N/A,N/A
22,Louisiana,Other,2021,2021-2022,Percent,N/A,N/A
23,Maine,Other,2021,2021-2022,Percent,N/A,N/A
24,Maryland,Other,2021,2021-2022,Percent,0.78317,0.134826273
25,Massachusetts,Other,2021,2021-2022,Percent,N/A,N/A
26,Michigan,Other,2021,2021-2022,Percent,N/A,N/A
27,Minnesota,Other,2021,2021-2022,Percent,N/A,N/A
28,Mississippi,Other,2021,2021-2022,Percent,N/A,N/A
29,Missouri,Other,2021,2021-2022,Percent,N/A,N/A
30,Montana,Other,2021,2021-2022,Percent,N/A,N/A
31,Nebraska,Other,2021,2021-2022,Percent,N/A,N/A
32,Nevada,Other,2021,2021-2022,Percent,0.69282,0.169962674
33,New Hampshire,Other,2021,2021-2022,Percent,N/A,N/A
34,New Jersey,Other,2021,2021-2022,Percent,N/A,N/A
35,New Mexico,Other,2021,2021-2022,Percent,N/A,N/A
36,New York,Other,2021,2021-2022,Percent,0.71988,0.112690933
37,North Carolina,Other,2021,2021-2022,Percent,0.80981,0.186116427
38,North Dakota,Other,2021,2021-2022,Percent,N/A,N/A
39,Ohio,Other,2021,2021-2022,Percent,N/A,N/A
40,Oklahoma,Other,2021,2021-2022,Percent,0.642,0.178219989
41,Oregon,Other,2021,2021-2022,Percent,0.65629,0.168047085
42,Pennsylvania,Other,2021,2021-2022,Percent,0.62187,0.17876783
44,Rhode Island,Other,2021,2021-2022,Percent,N/A,N/A
45,South Carolina,Other,2021,2021-2022,Percent,N/A,N/A
46,South Dakota,Other,2021,2021-2022,Percent,N/A,N/A
47,Tennessee,Other,2021,2021-2022,Percent,N/A,N/A
48,Texas,Other,2021,2021-2022,Percent,0.60654,0.146018058
49,Utah,Other,2021,2021-2022,Percent,N/A,N/A
50,Vermont,Other,2021,2021-2022,Percent,N/A,N/A
51,Virginia,Other,2021,2021-2022,Percent,0.687,0.143872932
53,Washington,Other,2021,2021-2022,Percent,0.78255,0.140440613
54,West Virginia,Other,2021,2021-2022,Percent,N/A,N/A
55,Wisconsin,Other,2021,2021-2022,Percent,N/A,N/A
56,Wyoming,Other,2021,2021-2022,Percent,N/A,N/A
1,Alabama,Private,2021,2021-2022,Percent,0.81476,0.062736422
2,Alaska,Private,2021,2021-2022,Percent,0.72633,0.078426421
4,Arizona,Private,2021,2021-2022,Percent,0.75468,0.07320752
5,Arkansas,Private,2021,2021-2022,Percent,0.81656,0.059937209
6,California,Private,2021,2021-2022,Percent,0.78251,0.052766331
8,Colorado,Private,2021,2021-2022,Percent,0.84937,0.046149984
9,Connecticut,Private,2021,2021-2022,Percent,0.88213,0.035871718
10,Delaware,Private,2021,2021-2022,Percent,0.81796,0.062097799
11,Dist. of Columbia,Private,2021,2021-2022,Percent,0.77772,0.051611103
12,Florida,Private,2021,2021-2022,Percent,0.80475,0.077931203
13,Georgia,Private,2021,2021-2022,Percent,0.80242,0.074917115
15,Hawaii,Private,2021,2021-2022,Percent,0.81575,0.056566212
16,Idaho,Private,2021,2021-2022,Percent,0.77326,0.064496502
17,Illinois,Private,2021,2021-2022,Percent,0.79956,0.037652139
18,Indiana,Private,2021,2021-2022,Percent,0.85041,0.055501405
19,Iowa,Private,2021,2021-2022,Percent,0.86588,0.061266992
20,Kansas,Private,2021,2021-2022,Percent,0.69401,0.062835075
21,Kentucky,Private,2021,2021-2022,Percent,0.78241,0.069231659
22,Louisiana,Private,2021,2021-2022,Percent,0.83272,0.052554011
23,Maine,Private,2021,2021-2022,Percent,0.84475,0.051235605
24,Maryland,Private,2021,2021-2022,Percent,0.85587,0.032322943
25,Massachusetts,Private,2021,2021-2022,Percent,0.91721,0.030088656
26,Michigan,Private,2021,2021-2022,Percent,0.83892,0.046405908
27,Minnesota,Private,2021,2021-2022,Percent,0.75219,0.058892492
28,Mississippi,Private,2021,2021-2022,Percent,0.78927,0.06296058
29,Missouri,Private,2021,2021-2022,Percent,0.79714,0.049506478
30,Montana,Private,2021,2021-2022,Percent,0.70852,0.069666058
31,Nebraska,Private,2021,2021-2022,Percent,0.69589,0.069091529
32,Nevada,Private,2021,2021-2022,Percent,0.8258,0.052133713
33,New Hampshire,Private,2021,2021-2022,Percent,0.84969,0.04722368
34,New Jersey,Private,2021,2021-2022,Percent,0.75212,0.057538334
35,New Mexico,Private,2021,2021-2022,Percent,0.80735,0.072901234
36,New York,Private,2021,2021-2022,Percent,0.75815,0.047239557
37,North Carolina,Private,2021,2021-2022,Percent,0.82595,0.056454599
38,North Dakota,Private,2021,2021-2022,Percent,0.85148,0.053190179
39,Ohio,Private,2021,2021-2022,Percent,0.77779,0.049839385
40,Oklahoma,Private,2021,2021-2022,Percent,0.78403,0.080561616
41,Oregon,Private,2021,2021-2022,Percent,0.81542,0.057703693
42,Pennsylvania,Private,2021,2021-2022,Percent,0.80357,0.046380807
44,Rhode Island,Private,2021,2021-2022,Percent,0.81797,0.057041131
45,South Carolina,Private,2021,2021-2022,Percent,0.77473,0.064173311
46,South Dakota,Private,2021,2021-2022,Percent,0.71977,0.064570338
47,Tennessee,Private,2021,2021-2022,Percent,0.74208,0.062993832
48,Texas,Private,2021,2021-2022,Percent,0.78998,0.044161379
49,Utah,Private,2021,2021-2022,Percent,0.79742,0.045408957
50,Vermont,Private,2021,2021-2022,Percent,0.85007,0.041373465
51,Virginia,Private,2021,2021-2022,Percent,0.81452,0.048250318
53,Washington,Private,2021,2021-2022,Percent,0.8362,0.043860521
54,West Virginia,Private,2021,2021-2022,Percent,0.6716,0.077065513
55,Wisconsin,Private,2021,2021-2022,Percent,0.80085,0.055930663
56,Wyoming,Private,2021,2021-2022,Percent,0.78243,0.064442612
1,Alabama,Uninsured,2021,2021-2022,Percent,N/A,N/A
2,Alaska,Uninsured,2021,2021-2022,Percent,N/A,N/A
4,Arizona,Uninsured,2021,2021-2022,Percent,N/A,N/A
5,Arkansas,Uninsured,2021,2021-2022,Percent,N/A,N/A
6,California,Uninsured,2021,2021-2022,Percent,N/A,N/A
8,Colorado,Uninsured,2021,2021-2022,Percent,N/A,N/A
9,Connecticut,Uninsured,2021,2021-2022,Percent,N/A,N/A
10,Delaware,Uninsured,2021,2021-2022,Percent,N/A,N/A
11,Dist. of Columbia,Uninsured,2021,2021-2022,Percent,N/A,N/A
12,Florida,Uninsured,2021,2021-2022,Percent,N/A,N/A
13,Georgia,Uninsured,2021,2021-2022,Percent,N/A,N/A
15,Hawaii,Uninsured,2021,2021-2022,Percent,N/A,N/A
16,Idaho,Uninsured,2021,2021-2022,Percent,N/A,N/A
17,Illinois,Uninsured,2021,2021-2022,Percent,N/A,N/A
18,Indiana,Uninsured,2021,2021-2022,Percent,N/A,N/A
19,Iowa,Uninsured,2021,2021-2022,Percent,N/A,N/A
20,Kansas,Uninsured,2021,2021-2022,Percent,N/A,N/A
21,Kentucky,Uninsured,2021,2021-2022,Percent,N/A,N/A
22,Louisiana,Uninsured,2021,2021-2022,Percent,N/A,N/A
23,Maine,Uninsured,2021,2021-2022,Percent,N/A,N/A
24,Maryland,Uninsured,2021,2021-2022,Percent,N/A,N/A
25,Massachusetts,Uninsured,2021,2021-2022,Percent,N/A,N/A
26,Michigan,Uninsured,2021,2021-2022,Percent,N/A,N/A
27,Minnesota,Uninsured,2021,2021-2022,Percent,N/A,N/A
28,Mississippi,Uninsured,2021,2021-2022,Percent,N/A,N/A
29,Missouri,Uninsured,2021,2021-2022,Percent,N/A,N/A
30,Montana,Uninsured,2021,2021-2022,Percent,N/A,N/A
31,Nebraska,Uninsured,2021,2021-2022,Percent,N/A,N/A
32,Nevada,Uninsured,2021,2021-2022,Percent,N/A,N/A
33,New Hampshire,Uninsured,2021,2021-2022,Percent,N/A,N/A
34,New Jersey,Uninsured,2021,2021-2022,Percent,N/A,N/A
35,New Mexico,Uninsured,2021,2021-2022,Percent,N/A,N/A
36,New York,Uninsured,2021,2021-2022,Percent,N/A,N/A
37,North Carolina,Uninsured,2021,2021-2022,Percent,N/A,N/A
38,North Dakota,Uninsured,2021,2021-2022,Percent,N/A,N/A
39,Ohio,Uninsured,2021,2021-2022,Percent,N/A,N/A
40,Oklahoma,Uninsured,2021,2021-2022,Percent,N/A,N/A
41,Oregon,Uninsured,2021,2021-2022,Percent,N/A,N/A
42,Pennsylvania,Uninsured,2021,2021-2022,Percent,N/A,N/A
44,Rhode Island,Uninsured,2021,2021-2022,Percent,N/A,N/A
45,South Carolina,Uninsured,2021,2021-2022,Percent,N/A,N/A
46,South Dakota,Uninsured,2021,2021-2022,Percent,N/A,N/A
47,Tennessee,Uninsured,2021,2021-2022,Percent,N/A,N/A
48,Texas,Uninsured,2021,2021-2022,Percent,0.61515,0.197060645
49,Utah,Uninsured,2021,2021-2022,Percent,N/A,N/A
50,Vermont,Uninsured,2021,2021-2022,Percent,N/A,N/A
51,Virginia,Uninsured,2021,2021-2022,Percent,N/A,N/A
53,Washington,Uninsured,2021,2021-2022,Percent,N/A,N/A
54,West Virginia,Uninsured,2021,2021-2022,Percent,N/A,N/A
55,Wisconsin,Uninsured,2021,2021-2022,Percent,N/A,N/A
56,Wyoming,Uninsured,2021,2021-2022,Percent,N/A,N/A
1,Alabama,Medicaid,2022,2022-2023,Percent,0.60254,0.083529845
2,Alaska,Medicaid,2022,2022-2023,Percent,0.62643,0.088040546
4,Arizona,Medicaid,2022,2022-2023,Percent,0.65647,0.073387653
5,Arkansas,Medicaid,2022,2022-2023,Percent,0.65224,0.071708985
6,California,Medicaid,2022,2022-2023,Percent,0.54302,0.074973576
8,Colorado,Medicaid,2022,2022-2023,Percent,0.6374,0.077274226
9,Connecticut,Medicaid,2022,2022-2023,Percent,0.86981,0.081859797
10,Delaware,Medicaid,2022,2022-2023,Percent,0.71906,0.080527246
11,Dist. of Columbia,Medicaid,2022,2022-2023,Percent,0.73396,0.107027412
12,Florida,Medicaid,2022,2022-2023,Percent,0.6842,0.064886712
13,Georgia,Medicaid,2022,2022-2023,Percent,0.66011,0.078785867
15,Hawaii,Medicaid,2022,2022-2023,Percent,0.74404,0.07588549
16,Idaho,Medicaid,2022,2022-2023,Percent,0.68344,0.083931714
17,Illinois,Medicaid,2022,2022-2023,Percent,0.57836,0.064227969
18,Indiana,Medicaid,2022,2022-2023,Percent,0.71162,0.072115243
19,Iowa,Medicaid,2022,2022-2023,Percent,0.7049,0.080881782
20,Kansas,Medicaid,2022,2022-2023,Percent,0.65659,0.091976337
21,Kentucky,Medicaid,2022,2022-2023,Percent,0.69044,0.070017852
22,Louisiana,Medicaid,2022,2022-2023,Percent,0.67166,0.059569173
23,Maine,Medicaid,2022,2022-2023,Percent,0.69445,0.080156691
24,Maryland,Medicaid,2022,2022-2023,Percent,0.71029,0.064456031
25,Massachusetts,Medicaid,2022,2022-2023,Percent,0.82794,0.066539928
26,Michigan,Medicaid,2022,2022-2023,Percent,0.64898,0.070806608
27,Minnesota,Medicaid,2022,2022-2023,Percent,0.66981,0.089031734
28,Mississippi,Medicaid,2022,2022-2023,Percent,0.65335,0.073457681
29,Missouri,Medicaid,2022,2022-2023,Percent,0.64138,0.070966095
30,Montana,Medicaid,2022,2022-2023,Percent,0.56742,0.095062688
31,Nebraska,Medicaid,2022,2022-2023,Percent,0.67174,0.090733759
32,Nevada,Medicaid,2022,2022-2023,Percent,0.5804,0.077017129
33,New Hampshire,Medicaid,2022,2022-2023,Percent,0.67783,0.104878075
34,New Jersey,Medicaid,2022,2022-2023,Percent,0.62655,0.097153664
35,New Mexico,Medicaid,2022,2022-2023,Percent,0.73995,0.052461982
36,New York,Medicaid,2022,2022-2023,Percent,0.66861,0.055500776
37,North Carolina,Medicaid,2022,2022-2023,Percent,0.70757,0.063009463
38,North Dakota,Medicaid,2022,2022-2023,Percent,0.61613,0.106131353
39,Ohio,Medicaid,2022,2022-2023,Percent,0.70619,0.065298647
40,Oklahoma,Medicaid,2022,2022-2023,Percent,0.6134,0.073945992
41,Oregon,Medicaid,2022,2022-2023,Percent,0.53133,0.120552227
42,Pennsylvania,Medicaid,2022,2022-2023,Percent,0.68187,0.060151015
44,Rhode Island,Medicaid,2022,2022-2023,Percent,0.73334,0.070691928
45,South Carolina,Medicaid,2022,2022-2023,Percent,0.67193,0.071104795
46,South Dakota,Medicaid,2022,2022-2023,Percent,0.61387,0.099779069
47,Tennessee,Medicaid,2022,2022-2023,Percent,0.66424,0.07464689
48,Texas,Medicaid,2022,2022-2023,Percent,0.68907,0.068196103
49,Utah,Medicaid,2022,2022-2023,Percent,0.73056,0.089847989
50,Vermont,Medicaid,2022,2022-2023,Percent,0.73009,0.072232209
51,Virginia,Medicaid,2022,2022-2023,Percent,0.65442,0.071343906
53,Washington,Medicaid,2022,2022-2023,Percent,0.67068,0.068662033
54,West Virginia,Medicaid,2022,2022-2023,Percent,0.647,0.067742109
55,Wisconsin,Medicaid,2022,2022-2023,Percent,0.66,0.079696037
56,Wyoming,Medicaid,2022,2022-2023,Percent,0.635,0.088836938
1,Alabama,Other,2022,2022-2023,Percent,N/A,N/A
2,Alaska,Other,2022,2022-2023,Percent,0.58992,0.100073345
4,Arizona,Other,2022,2022-2023,Percent,N/A,N/A
5,Arkansas,Other,2022,2022-2023,Percent,0.69735,0.167723984
6,California,Other,2022,2022-2023,Percent,0.62404,0.206385046
8,Colorado,Other,2022,2022-2023,Percent,0.61748,0.158065736
9,Connecticut,Other,2022,2022-2023,Percent,0.7804,0.118959561
10,Delaware,Other,2022,2022-2023,Percent,N/A,N/A
11,Dist. of Columbia,Other,2022,2022-2023,Percent,N/A,N/A
12,Florida,Other,2022,2022-2023,Percent,N/A,N/A
13,Georgia,Other,2022,2022-2023,Percent,0.56514,0.170778215
15,Hawaii,Other,2022,2022-2023,Percent,0.61962,0.121171907
16,Idaho,Other,2022,2022-2023,Percent,N/A,N/A
17,Illinois,Other,2022,2022-2023,Percent,0.70255,0.145375207
18,Indiana,Other,2022,2022-2023,Percent,N/A,N/A
19,Iowa,Other,2022,2022-2023,Percent,N/A,N/A
20,Kansas,Other,2022,2022-2023,Percent,0.71253,0.089417391
21,Kentucky,Other,2022,2022-2023,Percent,N/A,N/A
22,Louisiana,Other,2022,2022-2023,Percent,0.80629,0.149932921
23,Maine,Other,2022,2022-2023,Percent,N/A,N/A
24,Maryland,Other,2022,2022-2023,Percent,0.70976,0.15190503
25,Massachusetts,Other,2022,2022-2023,Percent,N/A,N/A
26,Michigan,Other,2022,2022-2023,Percent,N/A,N/A
27,Minnesota,Other,2022,2022-2023,Percent,N/A,N/A
28,Mississippi,Other,2022,2022-2023,Percent,N/A,N/A
29,Missouri,Other,2022,2022-2023,Percent,N/A,N/A
30,Montana,Other,2022,2022-2023,Percent,N/A,N/A
31,Nebraska,Other,2022,2022-2023,Percent,N/A,N/A
32,Nevada,Other,2022,2022-2023,Percent,N/A,N/A
33,New Hampshire,Other,2022,2022-2023,Percent,N/A,N/A
34,New Jersey,Other,2022,2022-2023,Percent,N/A,N/A
35,New Mexico,Other,2022,2022-2023,Percent,N/A,N/A
36,New York,Other,2022,2022-2023,Percent,0.78255,0.105069183
37,North Carolina,Other,2022,2022-2023,Percent,0.83274,0.099306226
38,North Dakota,Other,2022,2022-2023,Percent,N/A,N/A
39,Ohio,Other,2022,2022-2023,Percent,N/A,N/A
40,Oklahoma,Other,2022,2022-2023,Percent,0.67289,0.159873724
41,Oregon,Other,2022,2022-2023,Percent,0.64201,0.12110053
42,Pennsylvania,Other,2022,2022-2023,Percent,0.58855,0.178347051
44,Rhode Island,Other,2022,2022-2023,Percent,N/A,N/A
45,South Carolina,Other,2022,2022-2023,Percent,N/A,N/A
46,South Dakota,Other,2022,2022-2023,Percent,N/A,N/A
47,Tennessee,Other,2022,2022-2023,Percent,0.47561,0.19906646
48,Texas,Other,2022,2022-2023,Percent,0.59744,0.182163149
49,Utah,Other,2022,2022-2023,Percent,N/A,N/A
50,Vermont,Other,2022,2022-2023,Percent,N/A,N/A
51,Virginia,Other,2022,2022-2023,Percent,0.73561,0.102330141
53,Washington,Other,2022,2022-2023,Percent,0.72267,0.155031145
54,West Virginia,Other,2022,2022-2023,Percent,N/A,N/A
55,Wisconsin,Other,2022,2022-2023,Percent,N/A,N/A
56,Wyoming,Other,2022,2022-2023,Percent,0.6891,0.170875162
1,Alabama,Private,2022,2022-2023,Percent,0.73249,0.074190922
2,Alaska,Private,2022,2022-2023,Percent,0.67933,0.080806799
4,Arizona,Private,2022,2022-2023,Percent,0.78904,0.06269861
5,Arkansas,Private,2022,2022-2023,Percent,0.80508,0.067857973
6,California,Private,2022,2022-2023,Percent,0.78071,0.054199044
8,Colorado,Private,2022,2022-2023,Percent,0.80406,0.0491517
9,Connecticut,Private,2022,2022-2023,Percent,0.82235,0.05300843
10,Delaware,Private,2022,2022-2023,Percent,0.78343,0.065334946
11,Dist. of Columbia,Private,2022,2022-2023,Percent,0.75328,0.054804154
12,Florida,Private,2022,2022-2023,Percent,0.75168,0.064794488
13,Georgia,Private,2022,2022-2023,Percent,0.79287,0.067139708
15,Hawaii,Private,2022,2022-2023,Percent,0.80538,0.06546355
16,Idaho,Private,2022,2022-2023,Percent,0.73665,0.074847862
17,Illinois,Private,2022,2022-2023,Percent,0.78511,0.03797181
18,Indiana,Private,2022,2022-2023,Percent,0.87014,0.049441725
19,Iowa,Private,2022,2022-2023,Percent,0.80692,0.071079135
20,Kansas,Private,2022,2022-2023,Percent,0.73581,0.054526359
21,Kentucky,Private,2022,2022-2023,Percent,0.67058,0.076555453
22,Louisiana,Private,2022,2022-2023,Percent,0.76724,0.067297719
23,Maine,Private,2022,2022-2023,Percent,0.83379,0.048080046
24,Maryland,Private,2022,2022-2023,Percent,0.84149,0.035355698
25,Massachusetts,Private,2022,2022-2023,Percent,0.93668,0.028332941
26,Michigan,Private,2022,2022-2023,Percent,0.8263,0.042920906
27,Minnesota,Private,2022,2022-2023,Percent,0.77549,0.048396632
28,Mississippi,Private,2022,2022-2023,Percent,0.77669,0.069545791
29,Missouri,Private,2022,2022-2023,Percent,0.78285,0.050321594
30,Montana,Private,2022,2022-2023,Percent,0.7013,0.072365515
31,Nebraska,Private,2022,2022-2023,Percent,0.63722,0.069240101
32,Nevada,Private,2022,2022-2023,Percent,0.78277,0.05896683
33,New Hampshire,Private,2022,2022-2023,Percent,0.87743,0.042006616
34,New Jersey,Private,2022,2022-2023,Percent,0.74563,0.060227733
35,New Mexico,Private,2022,2022-2023,Percent,0.78489,0.072206169
36,New York,Private,2022,2022-2023,Percent,0.78467,0.041465398
37,North Carolina,Private,2022,2022-2023,Percent,0.81502,0.050966732
38,North Dakota,Private,2022,2022-2023,Percent,0.8576,0.060328286
39,Ohio,Private,2022,2022-2023,Percent,0.766,0.047138918
40,Oklahoma,Private,2022,2022-2023,Percent,0.78618,0.07860183
41,Oregon,Private,2022,2022-2023,Percent,0.76058,0.063012607
42,Pennsylvania,Private,2022,2022-2023,Percent,0.79013,0.043303751
44,Rhode Island,Private,2022,2022-2023,Percent,0.87197,0.037666105
45,South Carolina,Private,2022,2022-2023,Percent,0.80775,0.058180921
46,South Dakota,Private,2022,2022-2023,Percent,0.79369,0.064321883
47,Tennessee,Private,2022,2022-2023,Percent,0.71633,0.065761209
48,Texas,Private,2022,2022-2023,Percent,0.74227,0.063689835
49,Utah,Private,2022,2022-2023,Percent,0.79145,0.04311654
50,Vermont,Private,2022,2022-2023,Percent,0.85496,0.046057258
51,Virginia,Private,2022,2022-2023,Percent,0.79279,0.045807917
53,Washington,Private,2022,2022-2023,Percent,0.82947,0.04210889
54,West Virginia,Private,2022,2022-2023,Percent,0.74401,0.070408531
55,Wisconsin,Private,2022,2022-2023,Percent,0.78906,0.052120615
56,Wyoming,Private,2022,2022-2023,Percent,0.7703,0.064135708
1,Alabama,Uninsured,2022,2022-2023,Percent,N/A,N/A
2,Alaska,Uninsured,2022,2022-2023,Percent,N/A,N/A
4,Arizona,Uninsured,2022,2022-2023,Percent,N/A,N/A
5,Arkansas,Uninsured,2022,2022-2023,Percent,N/A,N/A
6,California,Uninsured,2022,2022-2023,Percent,N/A,N/A
8,Colorado,Uninsured,2022,2022-2023,Percent,N/A,N/A
9,Connecticut,Uninsured,2022,2022-2023,Percent,N/A,N/A
10,Delaware,Uninsured,2022,2022-2023,Percent,N/A,N/A
11,Dist. of Columbia,Uninsured,2022,2022-2023,Percent,N/A,N/A
12,Florida,Uninsured,2022,2022-2023,Percent,N/A,N/A
13,Georgia,Uninsured,2022,2022-2023,Percent,N/A,N/A
15,Hawaii,Uninsured,2022,2022-2023,Percent,N/A,N/A
16,Idaho,Uninsured,2022,2022-2023,Percent,N/A,N/A
17,Illinois,Uninsured,2022,2022-2023,Percent,N/A,N/A
18,Indiana,Uninsured,2022,2022-2023,Percent,N/A,N/A
19,Iowa,Uninsured,2022,2022-2023,Percent,N/A,N/A
20,Kansas,Uninsured,2022,2022-2023,Percent,N/A,N/A
21,Kentucky,Uninsured,2022,2022-2023,Percent,N/A,N/A
22,Louisiana,Uninsured,2022,2022-2023,Percent,N/A,N/A
23,Maine,Uninsured,2022,2022-2023,Percent,N/A,N/A
24,Maryland,Uninsured,2022,2022-2023,Percent,N/A,N/A
25,Massachusetts,Uninsured,2022,2022-2023,Percent,N/A,N/A
26,Michigan,Uninsured,2022,2022-2023,Percent,N/A,N/A
27,Minnesota,Uninsured,2022,2022-2023,Percent,N/A,N/A
28,Mississippi,Uninsured,2022,2022-2023,Percent,N/A,N/A
29,Missouri,Uninsured,2022,2022-2023,Percent,N/A,N/A
30,Montana,Uninsured,2022,2022-2023,Percent,N/A,N/A
31,Nebraska,Uninsured,2022,2022-2023,Percent,N/A,N/A
32,Nevada,Uninsured,2022,2022-2023,Percent,N/A,N/A
33,New Hampshire,Uninsured,2022,2022-2023,Percent,N/A,N/A
34,New Jersey,Uninsured,2022,2022-2023,Percent,N/A,N/A
35,New Mexico,Uninsured,2022,2022-2023,Percent,N/A,N/A
36,New York,Uninsured,2022,2022-2023,Percent,N/A,N/A
37,North Carolina,Uninsured,2022,2022-2023,Percent,N/A,N/A
38,North Dakota,Uninsured,2022,2022-2023,Percent,N/A,N/A
39,Ohio,Uninsured,2022,2022-2023,Percent,N/A,N/A
40,Oklahoma,Uninsured,2022,2022-2023,Percent,N/A,N/A
41,Oregon,Uninsured,2022,2022-2023,Percent,N/A,N/A
42,Pennsylvania,Uninsured,2022,2022-2023,Percent,N/A,N/A
44,Rhode Island,Uninsured,2022,2022-2023,Percent,N/A,N/A
45,South Carolina,Uninsured,2022,2022-2023,Percent,N/A,N/A
46,South Dakota,Uninsured,2022,2022-2023,Percent,N/A,N/A
47,Tennessee,Uninsured,2022,2022-2023,Percent,N/A,N/A
48,Texas,Uninsured,2022,2022-2023,Percent,0.59724,0.221351653
49,Utah,Uninsured,2022,2022-2023,Percent,N/A,N/A
50,Vermont,Uninsured,2022,2022-2023,Percent,N/A,N/A
51,Virginia,Uninsured,2022,2022-2023,Percent,N/A,N/A
53,Washington,Uninsured,2022,2022-2023,Percent,N/A,N/A
54,West Virginia,Uninsured,2022,2022-2023,Percent,N/A,N/A
55,Wisconsin,Uninsured,2022,2022-2023,Percent,N/A,N/A
56,Wyoming,Uninsured,2022,2022-2023,Percent,N/A,N/A
1,Alabama,Medicaid,2023,Assumed,Percent,0.674,N/A
1,Alabama,Other,2023,Assumed,Percent,0.693,N/A
1,Alabama,Private,2023,Assumed,Percent,0.817,N/A
2,Alaska,Medicaid,2023,Assumed,Percent,0.534,N/A
2,Alaska,Other,2023,Assumed,Percent,0.563,N/A
2,Alaska,Private,2023,Assumed,Percent,0.753,N/A
4,Arizona,Medicaid,2023,Assumed,Percent,0.645,N/A
4,Arizona,Other,2023,Assumed,Percent,0.659,N/A
4,Arizona,Private,2023,Assumed,Percent,0.757,N/A
4,Arizona,Uninsured,2023,Assumed,Percent,0.691,N/A
5,Arkansas,Medicaid,2023,Assumed,Percent,0.664,N/A
5,Arkansas,Other,2023,Assumed,Percent,0.622,N/A
5,Arkansas,Private,2023,Assumed,Percent,0.751,N/A
5,Arkansas,Uninsured,2023,Assumed,Percent,0.459,N/A
6,California,Medicaid,2023,Assumed,Percent,0.598,N/A
6,California,Other,2023,Assumed,Percent,0.748,N/A
6,California,Private,2023,Assumed,Percent,0.73,N/A
8,Colorado,Medicaid,2023,Assumed,Percent,0.619,N/A
8,Colorado,Other,2023,Assumed,Percent,0.76,N/A
8,Colorado,Private,2023,Assumed,Percent,0.767,N/A
9,Connecticut,Medicaid,2023,Assumed,Percent,0.828,N/A
9,Connecticut,Other,2023,Assumed,Percent,0.738,N/A
9,Connecticut,Private,2023,Assumed,Percent,0.842,N/A
10,Delaware,Medicaid,2023,Assumed,Percent,0.701,N/A
10,Delaware,Other,2023,Assumed,Percent,0.788,N/A
10,Delaware,Private,2023,Assumed,Percent,0.808,N/A
11,District of Columbia,Medicaid,2023,Assumed,Percent,0.637,N/A
11,District of Columbia,Private,2023,Assumed,Percent,0.775,N/A
12,Florida,Medicaid,2023,Assumed,Percent,0.687,N/A
12,Florida,Private,2023,Assumed,Percent,0.769,N/A
12,Florida,Uninsured,2023,Assumed,Percent,0.421,N/A
13,Georgia,Medicaid,2023,Assumed,Percent,0.615,N/A
13,Georgia,Other,2023,Assumed,Percent,0.488,N/A
13,Georgia,Private,2023,Assumed,Percent,0.754,N/A
13,Georgia,Uninsured,2023,Assumed,Percent,0.617,N/A
15,Hawaii,Medicaid,2023,Assumed,Percent,0.668,N/A
15,Hawaii,Private,2023,Assumed,Percent,0.753,N/A
16,Idaho,Medicaid,2023,Assumed,Percent,0.697,N/A
16,Idaho,Other,2023,Assumed,Percent,0.681,N/A
16,Idaho,Private,2023,Assumed,Percent,0.768,N/A
16,Idaho,Uninsured,2023,Assumed,Percent,0.318,N/A
17,Illinois,Medicaid,2023,Assumed,Percent,0.622,N/A
17,Illinois,Private,2023,Assumed,Percent,0.789,N/A
17,Illinois,Uninsured,2023,Assumed,Percent,0.586,N/A
18,Indiana,Medicaid,2023,Assumed,Percent,0.641,N/A
18,Indiana,Private,2023,Assumed,Percent,0.765,N/A
19,Iowa,Medicaid,2023,Assumed,Percent,0.708,N/A
19,Iowa,Other,2023,Assumed,Percent,0.707,N/A
19,Iowa,Private,2023,Assumed,Percent,0.851,N/A
20,Kansas,Medicaid,2023,Assumed,Percent,0.585,N/A
20,Kansas,Other,2023,Assumed,Percent,0.699,N/A
20,Kansas,Private,2023,Assumed,Percent,0.749,N/A
20,Kansas,Uninsured,2023,Assumed,Percent,0.311,N/A
21,Kentucky,Medicaid,2023,Assumed,Percent,0.695,N/A
21,Kentucky,Private,2023,Assumed,Percent,0.782,N/A
22,Louisiana,Medicaid,2023,Assumed,Percent,0.628,N/A
22,Louisiana,Private,2023,Assumed,Percent,0.751,N/A
23,Maine,Medicaid,2023,Assumed,Percent,0.717,N/A
23,Maine,Private,2023,Assumed,Percent,0.819,N/A
23,Maine,Uninsured,2023,Assumed,Percent,0.611,N/A
24,Maryland,Medicaid,2023,Assumed,Percent,0.668,N/A
24,Maryland,Other,2023,Assumed,Percent,0.697,N/A
24,Maryland,Private,2023,Assumed,Percent,0.82,N/A
25,Massachusetts,Medicaid,2023,Assumed,Percent,0.719,N/A
25,Massachusetts,Private,2023,Assumed,Percent,0.849,N/A
26,Michigan,Medicaid,2023,Assumed,Percent,0.63,N/A
26,Michigan,Private,2023,Assumed,Percent,0.788,N/A
27,Minnesota,Medicaid,2023,Assumed,Percent,0.62,N/A
27,Minnesota,Private,2023,Assumed,Percent,0.765,N/A
28,Mississippi,Medicaid,2023,Assumed,Percent,0.673,N/A
28,Mississippi,Private,2023,Assumed,Percent,0.781,N/A
28,Mississippi,Uninsured,2023,Assumed,Percent,0.458,N/A
29,Missouri,Medicaid,2023,Assumed,Percent,0.591,N/A
29,Missouri,Private,2023,Assumed,Percent,0.769,N/A
29,Missouri,Uninsured,2023,Assumed,Percent,0.532,N/A
30,Montana,Medicaid,2023,Assumed,Percent,0.621,N/A
30,Montana,Other,2023,Assumed,Percent,0.534,N/A
30,Montana,Private,2023,Assumed,Percent,0.709,N/A
31,Nebraska,Medicaid,2023,Assumed,Percent,0.758,N/A
31,Nebraska,Private,2023,Assumed,Percent,0.791,N/A
32,Nevada,Medicaid,2023,Assumed,Percent,0.647,N/A
32,Nevada,Other,2023,Assumed,Percent,0.511,N/A
32,Nevada,Private,2023,Assumed,Percent,0.74,N/A
32,Nevada,Uninsured,2023,Assumed,Percent,0.663,N/A
33,New Hampshire,Medicaid,2023,Assumed,Percent,0.749,N/A
33,New Hampshire,Private,2023,Assumed,Percent,0.793,N/A
34,New Jersey,Medicaid,2023,Assumed,Percent,0.571,N/A
34,New Jersey,Private,2023,Assumed,Percent,0.752,N/A
35,New Mexico,Medicaid,2023,Assumed,Percent,0.643,N/A
35,New Mexico,Private,2023,Assumed,Percent,0.755,N/A
36,New York,Medicaid,2023,Assumed,Percent,0.621,N/A
36,New York,Other,2023,Assumed,Percent,0.626,N/A
36,New York,Private,2023,Assumed,Percent,0.735,N/A
37,North Carolina,Medicaid,2023,Assumed,Percent,0.724,N/A
37,North Carolina,Private,2023,Assumed,Percent,0.835,N/A
37,North Carolina,Uninsured,2023,Assumed,Percent,0.62,N/A
38,North Dakota,Medicaid,2023,Assumed,Percent,0.666,N/A
38,North Dakota,Other,2023,Assumed,Percent,0.634,N/A
38,North Dakota,Private,2023,Assumed,Percent,0.8,N/A
39,Ohio,Medicaid,2023,Assumed,Percent,0.625,N/A
39,Ohio,Private,2023,Assumed,Percent,0.772,N/A
40,Oklahoma,Medicaid,2023,Assumed,Percent,0.653,N/A
40,Oklahoma,Private,2023,Assumed,Percent,0.699,N/A
41,Oregon,Medicaid,2023,Assumed,Percent,0.632,N/A
41,Oregon,Private,2023,Assumed,Percent,0.753,N/A
42,Pennsylvania,Medicaid,2023,Assumed,Percent,0.722,N/A
42,Pennsylvania,Other,2023,Assumed,Percent,0.723,N/A
42,Pennsylvania,Private,2023,Assumed,Percent,0.838,N/A
42,Pennsylvania,Uninsured,2023,Assumed,Percent,0.37,N/A
44,Rhode Island,Medicaid,2023,Assumed,Percent,0.714,N/A
44,Rhode Island,Private,2023,Assumed,Percent,0.816,N/A
45,South Carolina,Medicaid,2023,Assumed,Percent,0.634,N/A
45,South Carolina,Private,2023,Assumed,Percent,0.745,N/A
46,South Dakota,Medicaid,2023,Assumed,Percent,0.63,N/A
46,South Dakota,Private,2023,Assumed,Percent,0.748,N/A
46,South Dakota,Uninsured,2023,Assumed,Percent,0.515,N/A
47,Tennessee,Medicaid,2023,Assumed,Percent,0.596,N/A
47,Tennessee,Other,2023,Assumed,Percent,0.677,N/A
47,Tennessee,Private,2023,Assumed,Percent,0.755,N/A
47,Tennessee,Uninsured,2023,Assumed,Percent,0.616,N/A
48,Texas,Medicaid,2023,Assumed,Percent,0.647,N/A
48,Texas,Other,2023,Assumed,Percent,0.684,N/A
48,Texas,Private,2023,Assumed,Percent,0.748,N/A
48,Texas,Uninsured,2023,Assumed,Percent,0.453,N/A
49,Utah,Medicaid,2023,Assumed,Percent,0.773,N/A
49,Utah,Private,2023,Assumed,Percent,0.756,N/A
49,Utah,Uninsured,2023,Assumed,Percent,0.636,N/A
50,Vermont,Medicaid,2023,Assumed,Percent,0.766,N/A
50,Vermont,Private,2023,Assumed,Percent,0.816,N/A
51,Virginia,Medicaid,2023,Assumed,Percent,0.69,N/A
51,Virginia,Other,2023,Assumed,Percent,0.524,N/A
51,Virginia,Private,2023,Assumed,Percent,0.805,N/A
53,Washington,Medicaid,2023,Assumed,Percent,0.619,N/A
53,Washington,Other,2023,Assumed,Percent,0.674,N/A
53,Washington,Private,2023,Assumed,Percent,0.779,N/A
54,West Virginia,Medicaid,2023,Assumed,Percent,0.604,N/A
54,West Virginia,Other,2023,Assumed,Percent,0.52,N/A
54,West Virginia,Private,2023,Assumed,Percent,0.749,N/A
55,Wisconsin,Medicaid,2023,Assumed,Percent,0.663,N/A
55,Wisconsin,Private,2023,Assumed,Percent,0.782,N/A
56,Wyoming,Medicaid,2023,Assumed,Percent,0.662,N/A
56,Wyoming,Other,2023,Assumed,Percent,0.697,N/A
56,Wyoming,Private,2023,Assumed,Percent,0.745,N/A
56,Wyoming,Uninsured,2023,Assumed,Percent,0.586,N/A
